LIVELLO;LEMMA_LIVELLO;COD_NODO_IRI;LEMMA_NODO_IT;LEMMA_NODO_EN ;CODICE_PADRE_IRI;COLLEG_MAPPA_CLAIST_SINT;DEFINIZIONE_EN;DEFINIZIONE_IT;ALT_LAB_IT;ALT_LAB_EN;NOTE
1;ISCED_A - TITOLO;CTS_0;Nessun titolo di studio ;"Early childhood education (‘less than primary’ for educational attainment); No educational degree";;;"BOZZA: ISCED level 0 programmes are usually school-based or otherwise institutionalised for a group of children (e.g. centre-based, community-based, home-based). ISCED level 0 excludes purely family-based arrangements that may be purposeful but are not organized in a ‘programme’ (e.g. informal learning by children from their parents, other relatives or friends is not included under ISCED 0). Within ISCED 0, early childhood educational development programmes are targeted at children aged 0 to 2 years; and pre-primary education programmes are targeted at children aged 3 years until the age to start ISCED 1. The upper age limit for the pre-primary education category depends in each case on the theoretical age of entry into ISCED level 1. (See ISCED 2011 Manual, paragraphs 107-108)";"BOZZA: I programmi ISCED livello 0 sono solitamente basati sulla scuola o in altro modo istituzionalizzati per un gruppo di bambini (ad esempio centri, comunitari, domestici). Il livello 0 dell'ISCED esclude gli accordi puramente familiari che possono essere intenzionali ma non sono organizzati in un 'programma' (ad esempio, l'apprendimento informale da parte dei bambini dai genitori, altri parenti o amici non è incluso nell'ISCED 0). All'interno di ISCED 0, i programmi di sviluppo educativo della prima infanzia sono rivolti ai bambini di età compresa tra 0 e 2 anni; e i programmi di istruzione pre-primaria sono rivolti ai bambini di età 3 anni fino all'età per iniziare ISCED 1. Il limite massimo di età per la categoria pre-primaria dipende in ogni caso dall'età teorica di ingresso al livello 1 dell'ISCED. (Vedi Manuale ISCED 2011, paragrafi 107-108)";PROVA 1;PROVA 1 EN;PROVA NOTE
1;ISCED_A - TITOLO;CTS_1;Istruzione primaria;Primary education;;;Programmes at ISCED level 1, or primary education, are typically designed to provide students with fundamental skills in reading, writing and mathematics (i.e. literacy and numeracy) and establish a solid foundation for learning and understanding core areas of knowledge, personal and social development, in preparation for lower secondary education. It focuses on learning at a basic level of complexity with little, if any, specialisation. (see ISCED 2011 Manual paragraph 120);I programmi di livello 1 ISCED, ovvero istruzione primaria, sono tipicamente progettati per fornire agli studenti competenze fondamentali in lettura, scrittura e matematica (cioè alfabetizzazione e matematica) e per stabilire una solida base per l'apprendimento e la comprensione delle aree fondamentali di conoscenza, sviluppo personale e sociale, in preparazione all'istruzione secondaria inferiore. Si concentra sull'apprendimento a un livello di complessità di base, con poca o nessuna specializzazione. (vedi ISCED 2011 Manuale paragrafo 120);;;
1;ISCED_A - TITOLO;CTS_2;Istruzione secondaria inferiore ;Lower secondary education;;;Programmes at ISCED level 2, or lower secondary education, are typically designed to build on the earning outcomes from ISCED level 1. Usually, the aim is to lay the foundation for lifelong learning and human development upon which education systems may then expand further educational opportunities. Some education systems may already offer vocational education programmes at ISCED level 2 to provide individuals with skills relevant to employment. Programmes at this level are usually organized around a more subject-oriented curriculum, introducing theoretical concepts across a broad range of subjects. Teachers typically have pedagogical training in specific subjects and, more often than at ISCED level 1, a class of students may have several teachers with specialised knowledge of the subjects they teach. (see ISCED 2011 Manual, paragraphs 139-140);I programmi al livello 2 ISCED, ovvero istruzione secondaria inferiore, sono tipicamente progettati per sviluppare i risultati di guadagno del livello 1 dell'ISCED. Di solito, l'obiettivo è gettare le basi per l'apprendimento permanente e lo sviluppo umano su cui i sistemi educativi possano poi ampliare ulteriori opportunità educative. Alcuni sistemi educativi possono già offrire programmi di formazione professionale al livello 2 ISCED per fornire agli individui competenze rilevanti per l'impiego. I programmi a questo livello sono solitamente organizzati attorno a un curriculum più orientato alle materie, introducendo concetti teorici in una vasta gamma di materie. Gli insegnanti tipicamente hanno una formazione pedagogica in materie specifiche e, più spesso rispetto al livello 1 ISCED, una classe di studenti può avere diversi insegnanti con conoscenze specializzate nelle materie che insegnano. (vedi Manuale ISCED 2011, paragrafi 139-140);;;
1;ISCED_A - TITOLO;CTS_3;Istruzione secondaria  superiore ;Upper secondary education;;;Programmes at ISCED level 3, or upper secondary education, are typically designed to complete secondary education in preparation for tertiary education or provide skills relevant to employment, or both. Programmes at this level offer students more varied, specialised and in-depth instruction than programmes at ISCED level 2. They are more differentiated, with an increased range of options and streams available. Teachers are often highly qualified in the subjects or fields of specialisation they teach, particularly in the higher grades. (see ISCED 2011 Manual, paragraphs 162-163);I programmi di livello 3 ISCED, ovvero istruzione secondaria superiore, sono tipicamente progettati per completare l'istruzione secondaria in preparazione all'istruzione terziaria o fornire competenze rilevanti per l'impiego, o entrambe le cose. I programmi a questo livello offrono agli studenti un'istruzione più varia, specializzata e approfondita rispetto ai programmi ISCED livello 2. Sono più differenziati, con una gamma più ampia di opzioni e flussi disponibili. Gli insegnanti sono spesso altamente qualificati nelle materie o nei campi di specializzazione che insegnano, in particolare nelle classi superiori. (vedi Manuale ISCED 2011, paragrafi 162-163);;;
1;ISCED_A - TITOLO;CTS_4;Istruzione post-secondaria non terziaria;Post-secondary non-tertiary education;;;"Post-secondary non-tertiary education provides learning experiences building on secondary education, preparing for labour market entry as well as tertiary education. It aims at the individual acquisition of knowledge, skills and competencies lower than the level of complexity characteristic of tertiary education. Programmes at ISCED level 4, or post-secondary non-tertiary education, are typically designed to provide individuals who completed ISCED level 3 with non-tertiary qualifications required for progression to tertiary education or for employment when their ISCED level 3 qualification does not grant such access. For example, graduates from general ISCED level 3 programmes may choose to complete a non-tertiary vocational qualification; or graduates from vocational ISCED level 3 programmes may choose to increase their level of qualifications or specialise further. The content of ISCED level 4 programmes is not sufficiently complex to be regarded as tertiary education, although it is clearly post-secondary. (see ISCED 2011 Manual, paragraph 185)";"L'istruzione post-secondaria non terziaria offre esperienze di apprendimento basate sull'istruzione secondaria, preparando sia all'ingresso nel mercato del lavoro sia all'istruzione terziaria. Mira all'acquisizione individuale di conoscenze, competenze e competenze inferiori al livello di complessità caratteristico dell'istruzione terziaria. I programmi di livello 4 ISCED, ovvero istruzione post-secondaria non terziaria, sono tipicamente progettati per fornire a chi ha completato ISCED livello 3 qualifiche non terziari necessarie per il progresso verso l'istruzione terziaria o per l'impiego quando la loro qualifica ISCED livello 3 non consente tale accesso. Ad esempio, i laureati dei programmi generali ISCED di livello 3 possono scegliere di completare una qualifica professionale non terziaria; oppure i laureati dei programmi professionali ISCED di livello 3 possono scegliere di aumentare il proprio livello di qualifiche o specializzarsi ulteriormente. Il contenuto dei programmi ISCED di livello 4 non è sufficientemente complesso da essere considerato istruzione terziaria, anche se è chiaramente post-secondario. (vedi Manuale ISCED 2011, paragrafo 185)";;;
1;ISCED_A - TITOLO;CTS_5;Istruzione terziaria a ciclo breve (non universitaria/accademica);Short-cycle tertiary education;;;Programmes at ISCED level 5, or short-cycle tertiary education, are often designed to provide participants with professional knowledge, skills and competencies. Typically, they are practically based, occupationally-specific and prepare students to enter the labour market. However, these programmes may also provide a pathway to other tertiary education programmes. Academic tertiary education programmes below the level of a Bachelor’s programme or equivalent are also classified as ISCED level 5. (see ISCED 2011 Manual, paragraph 207);I programmi di livello 5 ISCED, ovvero istruzione terziaria a ciclo breve, sono spesso progettati per fornire ai partecipanti conoscenze, competenze e competenze professionali. Tipicamente, sono basate su base pratica, specifiche per professione e preparano gli studenti all'ingresso nel mercato del lavoro. Tuttavia, questi programmi possono anche offrire un percorso verso altri programmi di istruzione terziaria. I programmi accademici di istruzione superiore inferiori al livello di un programma di laurea triennale o equivalente sono anch'essi classificati come livello ISCED 5. (vedi Manuale ISCED 2011, paragrafo 207);;;
1;ISCED_A - TITOLO;CTS_6;"Istruzione terziaria di 1° livello (universitaria/accademica/ITS Academy triennale)
";Bachelor’s or equivalent level;;;Programmes at ISCED level 6, or Bachelor’s or equivalent level, are often designed to provide participants with intermediate academic and/or professional knowledge, skills and competencies, leading to a first degree or equivalent qualification. Programmes at this level are typically theoretically-based but may include practical components and are informed by state of the art research and/or best professional practice. They are traditionally offered by universities and equivalent tertiary educational institutions. (see ISCED 2011 Manual, paragraph 224);I programmi al livello ISCED 6, o Bachelor o livello equivalente, sono spesso progettati per fornire ai partecipanti conoscenze accademiche e/o professionali intermedie, che conducono a una laurea di primo livello o a una qualifica equivalente. I programmi a questo livello sono tipicamente basati su teorie, ma possono includere componenti pratiche e sono guidati da ricerche all'avanguardia e/o dalle migliori pratiche professionali. Tradizionalmente sono offerte da università e istituzioni di istruzione superiore equivalenti. (vedi Manuale ISCED 2011, paragrafo 224);;;
1;ISCED_A - TITOLO;CTS_7;Istruzione terziaria di 2° livello (universitaria/accademica);Master’s or equivalent level;;;Programmes at ISCED level 7, or Master’s or equivalent level, are often designed to provide participants with advanced academic and/or professional knowledge, skills and competencies, leading to a second degree or equivalent qualification. Programmes at this level may have a substantial research component but do not yet lead to the award of a doctoral qualification. Typically, programmes at this level are theoretically-based but may include practical components and are informed by state of the art research and/or best professional practice. They are traditionally offered by universities and other tertiary educational institutions. (see ISCED 2011 Manual, paragraph 241);I programmi al livello ISCED 7, o Master o livello equivalente, sono spesso progettati per fornire ai partecipanti conoscenze accademiche e/o professionali avanzate, che portano a una seconda qualifica o qualifica equivalente. I programmi a questo livello possono avere una componente di ricerca sostanziale ma non portano ancora al conseguimento di una qualifica di dottorato. Tipicamente, i programmi a questo livello sono basati teoricamente ma possono includere componenti pratiche e sono informati da ricerche all'avanguardia e/o dalle migliori pratiche professionali. Tradizionalmente sono offerti da università e altre istituzioni di istruzione terziaria. (vedi Manuale ISCED 2011, paragrafo 241);;;
1;ISCED_A - TITOLO;CTS_8;Istruzione terziaria di 3° livello (universitaria/accademica);Doctoral or equivalent level;;;Programmes at ISCED level 8, or doctoral or equivalent level, are designed primarily to lead to an advanced research qualification. Programmes at this ISCED level are devoted to advanced study and original research and are typically offered only by research-oriented tertiary educational institutions such as universities. Doctoral programmes exist in both academic and professional fields. (see ISCED 2011 Manual, paragraph 259);I programmi al livello ISCED 8, o livello dottorale o equivalente, sono progettati principalmente per condurre a una qualifica di ricerca avanzata. I programmi a questo livello ISCED sono dedicati allo studio avanzato e alla ricerca originale e sono tipicamente offerti solo da istituzioni di istruzione terziaria orientate alla ricerca, come le università. I programmi di dottorato esistono sia in ambito accademico che professionale. (vedi Manuale ISCED 2011, paragrafo 259);;;
1;ISCED_A - TITOLO;CTS_99;Qualificazione di formazione professionale regionale di area operativa, di area tecnica e di alta formazione;Vocational qualification certificate (regional training courses);;;;;;;
2;TIPO - TITOLO;CTS_0_10;Nessun titolo di studio ;No educational degree;CTS_0;;;;;;
2;TIPO - TITOLO;CTS_1_10;"Licenza elementare; Certificazione delle competenze";Final assessment (primary school);CTS_1;;;;;;
2;TIPO - TITOLO;CTS_1_20;Attestato di conoscenza della lingua italiana (livello a2);Literacy and learning of Italian language certificate;CTS_1;;;;;;
2;TIPO - TITOLO;CTS_2_10;"Licenza media; Avviamento professionale; Diploma conclusivo del 1° ciclo di istruzione (Scuola secondaria di 1° grado)";Lower secondary education certificate;CTS_2;;;;;;
2;TIPO - TITOLO;CTS_3_10;"Diploma di qualifica professionale (triennale); Titolo di abilitazione all'insegnamento nella scuola materna (triennale); Licenza di maestro d'arte (triennale)";"Vocational qualification diploma (3 years); Pre-school teaching qualification  (3 years);Master craftsman certificate  (3 years)";CTS_3;;;;;;
2;TIPO - TITOLO;CTS_3_20;"Attestato di qualifica professionale IeFP di operatore (triennale); Diploma professionale IeFP di tecnico (quadriennale)";"IeFP vocational qualification - Operator (3 years); IeFP vocational diploma - Technician (4 years)";CTS_3;;;;;;
2;TIPO - TITOLO;CTS_3_30;"Diploma di maturità; Diploma di istruzione secondaria di 2° grado  (che danno accesso all’istruzione universitaria o accademica)";Upper secondary school diploma ;CTS_3;;;;;;
2;TIPO - TITOLO;CTS_4_10;Certificato di specializzazione tecnica superiore IFTS (incluso il Diploma di specializzazione in enotecnico);IFTS higher technical specialisation certificate (specialisation oenology diploma included);CTS_4;;;;;;
2;TIPO - TITOLO;CTS_5_10;"Diploma di tecnico superiore ITS;
Diploma di specializzazione per le tecnologie applicate ITS (biennale)";"ITS Higher technical diploma;
ITS specialisation in applied technologies diploma";CTS_5;;;;;;
2;TIPO - TITOLO;CTS_6_10;Diploma di specializzazione superiore per le tecnologie applicate ITS (triennale);Advanced ITS diploma of specialisation in applied technologies (3 years);CTS_6;;;;;;
2;TIPO - TITOLO;CTS_6_20;Diploma universitario del vecchio ordinamento (biennale/triennale);University diploma under the former system (2 or 3 years);CTS_6;;;;;;
2;TIPO - TITOLO;CTS_6_30;Laurea di 1° livello (triennale);Bachelor’s degree (2 or 3 years);CTS_6;;;;;;
2;TIPO - TITOLO;CTS_6_40;Diploma accademico di 1° livello AFAM (triennale);AFAM academic diploma (3 years);CTS_6;;;;;;
2;TIPO - TITOLO;CTS_6_50;Master universitario o accademico AFAM di 1° livello ;Second-level university or AFAM academic master’s diploma;CTS_6;;;;;;
2;TIPO - TITOLO;CTS_7_10;"Diploma di laurea del vecchio ordinamento  (4-6 anni);
Laurea specialistica/magistrale di 2° livello (biennale);
Laurea specialistica/magistrale  di 2° livello  a ciclo unico (5-6 anni)";"University degree under the former system (4–6 years);
Master’s degree (2-years);
Master’s degree (5–6 years)";CTS_7;;;;;;
2;TIPO - TITOLO;CTS_7_20;"Diploma accademico del vecchio ordinamento  (4-6 anni);
Diploma accademico di 2° livello AFAM (biennale);
Diploma accademico di 2° livello a ciclo unico AFAM (5-6 anni)";"Academic diploma under the former system (4–6 years);
Second-cycle AFAM academic diploma (2 years);
Single-cycle AFAM academic diploma (5–6 years)

";CTS_7;;;;;;
2;TIPO - TITOLO;CTS_7_30;Master universitario o accademico AFAM di 2° livello;Second-level university or AFAM academic master’s diploma;CTS_7;;;;;;
2;TIPO - TITOLO;;Master accademico di 2° livello AFAM;Second-level AFAM academic master’s diploma;CTS_7;;;;;;
2;TIPO - TITOLO;CTS_7_40;Diploma di specializzazione;Specialisation diploma;CTS_7;;;;;;
2;TIPO - TITOLO;CTS_8_10;"Dottore di ricerca (universitario);
Dottore di ricerca (AFAM); Diploma accademico di formazione alla ricerca AFAM";"Doctor of Philosophy (PhD); AFAM PhD and academic diploma in research training";CTS_8;;;;;;
2;TIPO - TITOLO;CTS_99_00;Qualificazione di formazione professionale regionale di area operativa, di area tecnica e di alta formazione;Vocational qualification certificate (regional training courses);CTS_99;;;;;;
3;TITOLO;CTS_0_10_10;"Nessun titolo; Nessun accesso all'istruzione";"No educational degree;  No access to educational system";CTS_0_10;;;;;;
3;TITOLO;CTS_0_10_20;"Nessun titolo; Scuola dell'infanzia e prima infanzia";"No educational degree; Pre-primary education and early childhood";CTS_0_10;"010.01; 010.02; 021.01; 022.01";;;;;
3;TITOLO;CTS_0_10_30;"Nessun titolo; Istruzione primaria non completata";"No educational degree; Not completed primary education";CTS_0_10;;;;;;
3;TITOLO;CTS_1_10_10;Licenza elementare;Primary school certificate;CTS_1_10;101.01;;;;;
3;TITOLO;CTS_1_10_20;Certificazione delle competenze e attestato di valutazione finale;Competency certification - Final evaluation certificate (primary school);CTS_1_10;102.01;;;;;
3;TITOLO;CTS_1_10_30;Attestato di conoscenza della lingua italiana (livello a2);Competency certification - Literacy and learning of Italian language certificate;CTS_1_20;"103.01;103.02";;;;;
3;TITOLO;CTS_2_10_10;Licenza media (inclusa licenza di avviamento professionale);Lower secondary education certificate (vocational training included) ;CTS_2_10;201.01;;;;;
3;TITOLO;CTS_2_10_20;Diploma conclusivo del 1° ciclo di istruzione;Final evaluation certificate (lower secondary school);CTS_2_10;"202.01; 202.02; 203.01; 203.02";;;;;
3;TITOLO;CTS_3_10_10;Diploma di qualifica professionale (triennale);Vocational qualification diploma (3 years);CTS_3_10;"301.01; 304.01";;;;;
3;TITOLO;CTS_3_10_20;Licenza di maestro d'arte;Master craftsman certificate;CTS_3_10;"302.01; 305.01";;;;;
3;TITOLO;CTS_3_10_30;Titolo di abilitazione all'insegnamento nella scuola materna;Pre-school teaching qualification ;CTS_3_10;303.01;;;;;
3;TITOLO;CTS_3_20_10;Attestato di qualifica professionale IeFP di operatore (triennale);IeFP vocational qualification - Operator (3 years);CTS_3_20;"306.01; 306.02; 306.03";;;;;
3;TITOLO;CTS_3_20_20;Diploma professionale IeFP di tecnico (quadriennale);IeFP vocational diploma - Technician (4 years);CTS_3_20;"307.01; 307.02; 307.03";;;;;
3;TITOLO;CTS_3_30_10;Diploma di maturità (Ante 2010);Upper secondary school diploma (Ante 2010);CTS_3_30;"308.01; 309.01; 310.01; 311.01; 312.01; 313.01; 314.01; 317.01; 318.01; 319.01; 320.01; 325.01; 326.01 
";;;;;
3;TITOLO;CTS_3_30_20;Diploma di superamento dell’esame di stato/maturità conclusivo dei corsi di istruzione secondaria di 2° grado ;Upper secondary school diploma;CTS_3_30;"308.02; 308.03; 309.02; 310.02; 310.03; 314.02; 315.01; 315.02; 316.01; 316.02; 321.01; 322.01; 323.01 ";;;;;
3;TITOLO;CTS_4_10_10;Certificato di specializzazione tecnica superiore IFTS;IFTS higher technical specialisation certificate;CTS_4_10;401.01;;;;;
3;TITOLO;CTS_4_10_20;Diploma di specializzazione in enotecnico;Specialisation diploma in oenology;CTS_4_10;402.01;;;;;
3;TITOLO;CTS_5_10_10;Diploma di tecnico superiore ITS (biennale o triennale);ITS Higher technical diploma  (2 or 3 years);CTS_5_10;"501.01; 501.02";;;;;
3;TITOLO;CTS_5_10_20;Diploma di specializzazione per le tecnologie applicate ITS (biennale);"ITS specialisation in applied technologies diploma (2 years)
";CTS_5_10;502.01;;;;;
3;TITOLO;CTS_6_10_10;Diploma di specializzazione superiore per le tecnologie applicate ITS (triennale);Advanced ITS diploma of specialisation in applied technologies (3 years);CTS_6_10;601.01;;;;;
3;TITOLO;CTS_6_20_10;Diploma universitario del vecchio ordinamento (biennale/triennale);University diploma under the former system (2 or 3 years);CTS_6_20;602.01;;;;;
3;TITOLO;CTS_6_30_10;Laurea di 1° livello (triennale);Bachelor’s degree (3 years);CTS_6_30;"603.01; 603.02";;;;;
3;TITOLO;CTS_6_40_10;Diploma accademico di 1° livello AFAM (triennale);AFAM academic diploma (3 years);CTS_6_40;605.01;;;;;
3;TITOLO;CTS_6_50_10;Master universitario di 1° livello;First-level university postgraduate diploma;CTS_6_50;604.01;;;;;
3;TITOLO;CTS_6_50_20;Master accademico di 1° livello AFAM;First-level AFAM academic master’s diploma;CTS_6_50;606.01;;;;;
3;TITOLO;CTS_7_10_10;Diploma di laurea del vecchio ordinamento  (4-6 anni);University degree under the former system (4–6 years);CTS_7_10;701.01;;;;;
3;TITOLO;CTS_7_10_20;Laurea specialistica/magistrale di 2° livello (biennale);Master’s degree (2 years);CTS_7_10;"702.01; 702.02";;;;;
3;TITOLO;CTS_7_10_30;Laurea specialistica/magistrale di 2° livello a ciclo unico (5-6 anni);Master’s degree (5–6 years);CTS_7_10;"703.01; 703.02";;;;;
3;TITOLO;CTS_7_20_10;Diploma accademico del vecchio ordinamento AFAM (4-6 anni);AFAM academic diploma under the former system (4–6 years);CTS_7_20;706.01;;;;;
3;TITOLO;CTS_7_20_20;Diploma accademico di 2° livello AFAM (biennale);Second-cycle AFAM academic diploma (2 years);CTS_7_20;707.01;;;;;
3;TITOLO;CTS_7_20_30;Diploma accademico di 2° livello a ciclo unico AFAM  (5-6 anni);Single-cycle AFAM academic diploma (5–6 years);CTS_7_20;708.01;;;;;
3;TITOLO;CTS_7_30_10;Master universitario di 2° livello;Second-level university master’s diploma;CTS_7_30;704.01;;;;;
3;TITOLO;CTS_7_30_20;Master accademico di 2° livello AFAM;Second-level AFAM academic master’s diploma;CTS_7_30;709.01;;;;;
3;TITOLO;CTS_7_40_10;Diploma di specializzazione;Specialisation diploma;CTS_7_40;"705.01; 705.02";;;;;
3;TITOLO;CTS_8_10_10;Dottore di ricerca (universitario);Doctor of Philosophy (PhD);CTS_8_10;801.01;;;;;
3;TITOLO;CTS_8_10_20;"Dottore di ricerca (AFAM); Diploma accademico di formazione alla ricerca AFAM";AFAM Doctor of Philosophy  (PhD) and AFAM academic diploma in research training;CTS_8_10;"802.01; 803.01";;;;;
3;TITOLO;CTS_99_00_10;Qualificazione di formazione professionale regionale di area operativa, di area tecnica e di alta formazione;Vocational qualification certificate (regional training courses);CTS_99_00;"991.01; 992.01; 993.01";;;;;
