COD_DUG;DESC_DUG;AMBITO;ALT_LAB_NAZ_1;ALT_LAB_NAZ_2;ALT_LAB_NAZ_3;ALT_LAB_NAZ_4;ALT_LAB_NAZ_5;IRI
300;ACCESSO;Locale;;;;;;https://w3id.org/italia/controlled-vocabulary/territorial-classifications/cities/027019-(1866-11-20)
300;ACCESSO;Locale;;;;;;https://w3id.org/italia/controlled-vocabulary/territorial-classifications/cities/042002-(1861-03-17)
300;ACCESSO;Locale;;;;;;https://w3id.org/italia/controlled-vocabulary/territorial-classifications/cities/041007-(1861-03-17)
191;ACCORCIATOIA;Locale;;;;;;https://w3id.org/italia/controlled-vocabulary/territorial-classifications/cities/004130-(1861-03-17)
288;AIA;Locale;;;;;;https://w3id.org/italia/controlled-vocabulary/territorial-classifications/cities/066052-(1861-03-17)
288;AIA;Locale;;;;;;https://w3id.org/italia/controlled-vocabulary/territorial-classifications/cities/047024-(2017-01-01)
2;ANDRONA;Locale;;;;;;https://w3id.org/italia/controlled-vocabulary/territorial-classifications/cities/031007-(1927-01-12)
2;ANDRONA;Locale;;;;;;https://w3id.org/italia/controlled-vocabulary/territorial-classifications/cities/022205-(1923-02-14)
4;ARCHIVOLTO;Locale;;;;;;https://w3id.org/italia/controlled-vocabulary/territorial-classifications/cities/009034-(1927-01-12)
4;ARCHIVOLTO;Locale;;;;;;https://w3id.org/italia/controlled-vocabulary/territorial-classifications/cities/010025-(1874-01-01)
14;BAGLIO;Locale;;;;;;https://w3id.org/italia/controlled-vocabulary/territorial-classifications/cities/082053-(1861-03-17)
318;BALUARDO;Locale;;;;;;https://w3id.org/italia/controlled-vocabulary/territorial-classifications/cities/006039-(1861-03-17)
16;BANCHINA;Locale;;;;;;https://w3id.org/italia/controlled-vocabulary/territorial-classifications/cities/042002-(1861-03-17)
16;BANCHINA;Locale;;;;;;https://w3id.org/italia/controlled-vocabulary/territorial-classifications/cities/011015-(1923-12-22)
16;BANCHINA;Locale;;;;;;https://w3id.org/italia/controlled-vocabulary/territorial-classifications/cities/008031-(1861-03-17)
16;BANCHINA;Locale;;;;;;https://w3id.org/italia/controlled-vocabulary/territorial-classifications/cities/044066-(1861-03-17)
16;BANCHINA;Locale;;;;;;https://w3id.org/italia/controlled-vocabulary/territorial-classifications/cities/042045-(1861-03-17)
16;BANCHINA;Locale;;;;;;https://w3id.org/italia/controlled-vocabulary/territorial-classifications/cities/027042-(1866-11-20)
16;BANCHINA;Locale;;;;;;https://w3id.org/italia/controlled-vocabulary/territorial-classifications/cities/046033-(1861-03-17)
16;BANCHINA;Locale;;;;;;https://w3id.org/italia/controlled-vocabulary/territorial-classifications/cities/092009-(1991-12-10)
16;BANCHINA;Locale;;;;;;https://w3id.org/italia/controlled-vocabulary/territorial-classifications/cities/009056-(1927-01-12)
320;BASTIONE;Locale;;;;;;https://w3id.org/italia/controlled-vocabulary/territorial-classifications/cities/023091-(1927-02-16)
5;CAL;Locale;;;;;;https://w3id.org/italia/controlled-vocabulary/territorial-classifications/cities/026021-(1866-11-20)
38;CAMPO;Locale;;;;;;https://w3id.org/italia/controlled-vocabulary/territorial-classifications/cities/027042-(1866-11-20)
38;CAMPO;Locale;;;;;;https://w3id.org/italia/controlled-vocabulary/territorial-classifications/cities/090047-(1861-03-17)
38;CAMPO;Locale;;;;;;https://w3id.org/italia/controlled-vocabulary/territorial-classifications/cities/027012-(1866-11-20)
38;CAMPO;Locale;;;;;;https://w3id.org/italia/controlled-vocabulary/territorial-classifications/cities/009034-(1927-01-12)
149;CARRAIA;Locale;;;;;;https://w3id.org/italia/controlled-vocabulary/territorial-classifications/cities/039002-(1861-03-17)
149;CARRAIA;Locale;;;;;;https://w3id.org/italia/controlled-vocabulary/territorial-classifications/cities/039014-(1861-03-17)
345;CARRARA;Locale;;;;;;https://w3id.org/italia/controlled-vocabulary/territorial-classifications/cities/039012-(1861-03-17)
345;CARRARA;Locale;;;;;;https://w3id.org/italia/controlled-vocabulary/territorial-classifications/cities/110003-(2009-07-27)
223;CARRARONE;Locale;;;;;;https://w3id.org/italia/controlled-vocabulary/territorial-classifications/cities/039014-(1861-03-17)
351;CHIASSETTO;Locale;;;;;;https://w3id.org/italia/controlled-vocabulary/territorial-classifications/cities/066009-(1861-03-17)
351;CHIASSETTO;Locale;;;;;;https://w3id.org/italia/controlled-vocabulary/territorial-classifications/cities/064052-(1861-03-17)
351;CHIASSETTO;Locale;;;;;;https://w3id.org/italia/controlled-vocabulary/territorial-classifications/cities/066049-(1861-03-17)
351;CHIASSETTO;Locale;;;;;;https://w3id.org/italia/controlled-vocabulary/territorial-classifications/cities/050026-(1861-03-17)
48;CHIASSO;Locale;;;;;;https://w3id.org/italia/controlled-vocabulary/territorial-classifications/cities/082049-(1861-03-17)
48;CHIASSO;Locale;;;;;;https://w3id.org/italia/controlled-vocabulary/territorial-classifications/cities/050026-(1861-03-17)
48;CHIASSO;Locale;;;;;;https://w3id.org/italia/controlled-vocabulary/territorial-classifications/cities/048017-(1861-03-17)
48;CHIASSO;Locale;;;;;;https://w3id.org/italia/controlled-vocabulary/territorial-classifications/cities/052023-(1861-03-17)
48;CHIASSO;Locale;;;;;;https://w3id.org/italia/controlled-vocabulary/territorial-classifications/cities/084029-(1861-03-17)
48;CHIASSO;Locale;;;;;;https://w3id.org/italia/controlled-vocabulary/territorial-classifications/cities/088009-(1927-01-12)
48;CHIASSO;Locale;;;;;;https://w3id.org/italia/controlled-vocabulary/territorial-classifications/cities/048053-(2014-01-01)
48;CHIASSO;Locale;;;;;;https://w3id.org/italia/controlled-vocabulary/territorial-classifications/cities/053002-(1861-03-17)
48;CHIASSO;Locale;;;;;;https://w3id.org/italia/controlled-vocabulary/territorial-classifications/cities/050008-(1861-03-17)
48;CHIASSO;Locale;;;;;;https://w3id.org/italia/controlled-vocabulary/territorial-classifications/cities/053002-(1861-03-17)
48;CHIASSO;Locale;;;;;;https://w3id.org/italia/controlled-vocabulary/territorial-classifications/cities/072030-(1861-03-17)
361;CONTRA';Locale;;;;;;https://w3id.org/italia/controlled-vocabulary/territorial-classifications/cities/024057-(1866-11-20)
54;CONTRADA;Locale;;;;;;https://w3id.org/italia/controlled-vocabulary/territorial-classifications/cities/038008-(1861-03-17)
54;CONTRADA;Locale;;;;;;https://w3id.org/italia/controlled-vocabulary/territorial-classifications/cities/069067-(1861-03-17)
54;CONTRADA;Locale;;;;;;https://w3id.org/italia/controlled-vocabulary/territorial-classifications/cities/017029-(1861-03-17)
368;COSTA;Locale;;;;;;https://w3id.org/italia/controlled-vocabulary/territorial-classifications/cities/042015-(1861-03-17)
368;COSTA;Locale;;;;;;https://w3id.org/italia/controlled-vocabulary/territorial-classifications/cities/042021-(1861-03-17)
368;COSTA;Locale;;;;;;https://w3id.org/italia/controlled-vocabulary/territorial-classifications/cities/048017-(1861-03-17)
368;COSTA;Locale;;;;;;https://w3id.org/italia/controlled-vocabulary/territorial-classifications/cities/066049-(1861-03-17)
66;CUPA;Locale;;;;;;https://w3id.org/italia/controlled-vocabulary/territorial-classifications/cities/064008-(1861-03-17)
380;EMICICLO;Locale;;;;;;https://w3id.org/italia/controlled-vocabulary/territorial-classifications/cities/051002-(1861-03-17)
72;FONDACO;Locale;;;;;;https://w3id.org/italia/controlled-vocabulary/territorial-classifications/cities/072022-(1861-03-17)
74;FONDAMENTA;Locale;;;;;;https://w3id.org/italia/controlled-vocabulary/territorial-classifications/cities/027008-(1866-11-20)
262;FORO;Locale;;;;;;https://w3id.org/italia/controlled-vocabulary/territorial-classifications/cities/043023-(1861-03-17)
262;FORO;Locale;;;;;;https://w3id.org/italia/controlled-vocabulary/territorial-classifications/cities/089017-(1861-03-17)
157;GRADELLE;Locale;;;;;;https://w3id.org/italia/controlled-vocabulary/territorial-classifications/cities/064008-(1861-03-17)
157;GRADELLE;Locale;;;;;;https://w3id.org/italia/controlled-vocabulary/territorial-classifications/cities/077014-(1927-01-12)
82;GRADINI;Locale;;;;;;https://w3id.org/italia/controlled-vocabulary/territorial-classifications/cities/065116-(1861-03-17)
84;GRADONI;Locale;;;;;;https://w3id.org/italia/controlled-vocabulary/territorial-classifications/cities/065022-(1861-03-17)
84;GRADONI;Locale;;;;;;https://w3id.org/italia/controlled-vocabulary/territorial-classifications/cities/077028-(1927-01-12)
84;GRADONI;Locale;;;;;;https://w3id.org/italia/controlled-vocabulary/territorial-classifications/cities/077014-(1927-01-12)
84;GRADONI;Locale;;;;;;https://w3id.org/italia/controlled-vocabulary/territorial-classifications/cities/065116-(1861-03-17)
94;LUNGADIGE;Locale;;;;;;https://w3id.org/italia/controlled-vocabulary/territorial-classifications/cities/022205-(1923-02-14)
98;LUNGARNO;Locale;;;;;;https://w3id.org/italia/controlled-vocabulary/territorial-classifications/cities/048024-(1861-03-17)
98;LUNGARNO;Locale;;;;;;https://w3id.org/italia/controlled-vocabulary/territorial-classifications/cities/048017-(1861-03-17)
98;LUNGARNO;Locale;;;;;;https://w3id.org/italia/controlled-vocabulary/territorial-classifications/cities/050026-(1861-03-17)
946;LUNGAVISIO;Locale;;;;;;https://w3id.org/italia/controlled-vocabulary/territorial-classifications/cities/022205-(1923-02-14)
257;LUNGOBRENTA;Locale;;;;;;https://w3id.org/italia/controlled-vocabulary/territorial-classifications/cities/024012-(1866-11-20)
417;LUNGOGESSO;Locale;;;;;;https://w3id.org/italia/controlled-vocabulary/territorial-classifications/cities/004078-(1861-03-17)
839;LUNGONERA;Locale;;;;;;https://w3id.org/italia/controlled-vocabulary/territorial-classifications/cities/055032-(1927-01-12)
106;LUNGOPO;Locale;;;;;;https://w3id.org/italia/controlled-vocabulary/territorial-classifications/cities/006039-(1861-03-17)
165;LUNGORIO;Locale;;;;;;https://w3id.org/italia/controlled-vocabulary/territorial-classifications/cities/020030-(1866-11-20)
165;LUNGORIO;Locale;;;;;;https://w3id.org/italia/controlled-vocabulary/territorial-classifications/cities/021011-(1927-01-12)
108;LUNGOSTURA;Locale;;;;;;https://w3id.org/italia/controlled-vocabulary/territorial-classifications/cities/004078-(1861-03-17)
108;LUNGOSTURA;Locale;;;;;;https://w3id.org/italia/controlled-vocabulary/territorial-classifications/cities/001272-(1861-03-17)
110;LUNGOTEVERE;Locale;;;;;;https://w3id.org/italia/controlled-vocabulary/territorial-classifications/cities/058091-(1871-01-15)
233;LUNGOVELINO;Locale;;;;;;https://w3id.org/italia/controlled-vocabulary/territorial-classifications/cities/057059-(1927-01-12)
118;MULATTIERA;Locale;;;;;;https://w3id.org/italia/controlled-vocabulary/territorial-classifications/cities/082053-(1861-03-17)
120;MURA;Locale;;;;;;https://w3id.org/italia/controlled-vocabulary/territorial-classifications/cities/010025-(1874-01-01)
120;MURA;Locale;;;;;;https://w3id.org/italia/controlled-vocabulary/territorial-classifications/cities/037006-(1861-03-17)
974;PASSAGGIO PEDONALE;Locale;;;;;;https://w3id.org/italia/controlled-vocabulary/territorial-classifications/cities/017120-(1861-03-17)
87;PASSERELLA;Locale;;;;;;https://w3id.org/italia/controlled-vocabulary/territorial-classifications/cities/012119-(1927-01-12)
87;PASSERELLA;Locale;;;;;;https://w3id.org/italia/controlled-vocabulary/territorial-classifications/cities/026086-(1866-11-20)
87;PASSERELLA;Locale;;;;;;https://w3id.org/italia/controlled-vocabulary/territorial-classifications/cities/010025-(1874-01-01)
87;PASSERELLA;Locale;;;;;;https://w3id.org/italia/controlled-vocabulary/territorial-classifications/cities/046005-(1861-03-17)
87;PASSERELLA;Locale;;;;;;https://w3id.org/italia/controlled-vocabulary/territorial-classifications/cities/046033-(1861-03-17)
87;PASSERELLA;Locale;;;;;;https://w3id.org/italia/controlled-vocabulary/territorial-classifications/cities/048017-(1861-03-17)
87;PASSERELLA;Locale;;;;;;https://w3id.org/italia/controlled-vocabulary/territorial-classifications/cities/015146-(1861-03-17)
87;PASSERELLA;Locale;;;;;;https://w3id.org/italia/controlled-vocabulary/territorial-classifications/cities/001272-(1861-03-17)
128;PASSETTO;Locale;;;;;;https://w3id.org/italia/controlled-vocabulary/territorial-classifications/cities/058091-(1871-01-15)
260;PASSO;Locale;;;;;;https://w3id.org/italia/controlled-vocabulary/territorial-classifications/cities/010025-(1874-01-01)
260;PASSO;Locale;;;;;;https://w3id.org/italia/controlled-vocabulary/territorial-classifications/cities/042015-(1861-03-17)
260;PASSO;Locale;;;;;;https://w3id.org/italia/controlled-vocabulary/territorial-classifications/cities/021001-(1948-03-14)
260;PASSO;Locale;;;;;;https://w3id.org/italia/controlled-vocabulary/territorial-classifications/cities/048017-(1861-03-17)
462;PIAGGIA;Locale;;;;;;https://w3id.org/italia/controlled-vocabulary/territorial-classifications/cities/043023-(1861-03-17)
462;PIAGGIA;Locale;;;;;;https://w3id.org/italia/controlled-vocabulary/territorial-classifications/cities/051025-(1861-03-17)
462;PIAGGIA;Locale;;;;;;https://w3id.org/italia/controlled-vocabulary/territorial-classifications/cities/054039-(1861-03-17)
169;PIAZZALETTO;Locale;;;;;;https://w3id.org/italia/controlled-vocabulary/territorial-classifications/cities/048017-(1861-03-17)
469;PIAZZOLA;Locale;;;;;;https://w3id.org/italia/controlled-vocabulary/territorial-classifications/cities/001272-(1861-03-17)
142;PORTA;Locale;;;;;;https://w3id.org/italia/controlled-vocabulary/territorial-classifications/cities/025006-(1866-11-20)
142;PORTA;Locale;;;;;;https://w3id.org/italia/controlled-vocabulary/territorial-classifications/cities/043023-(1861-03-17)
142;PORTA;Locale;;;;;;https://w3id.org/italia/controlled-vocabulary/territorial-classifications/cities/065050-(1861-03-17)
142;PORTA;Locale;;;;;;https://w3id.org/italia/controlled-vocabulary/territorial-classifications/cities/082053-(1861-03-17)
990;PORTEGO;Locale;;;;;;https://w3id.org/italia/controlled-vocabulary/territorial-classifications/cities/024100-(1866-11-20)
476;PORTICI;Locale;;;;;;https://w3id.org/italia/controlled-vocabulary/territorial-classifications/cities/054052-(1861-03-17)
476;PORTICI;Locale;;;;;;https://w3id.org/italia/controlled-vocabulary/territorial-classifications/cities/021011-(1927-01-12)
476;PORTICI;Locale;;;;;;https://w3id.org/italia/controlled-vocabulary/territorial-classifications/cities/005005-(1935-04-15)
476;PORTICI;Locale;;;;;;https://w3id.org/italia/controlled-vocabulary/territorial-classifications/cities/017065-(1861-03-17)
476;PORTICI;Locale;;;;;;https://w3id.org/italia/controlled-vocabulary/territorial-classifications/cities/016053-(1861-03-17)
154;RAMO;Locale;;;;;;https://w3id.org/italia/controlled-vocabulary/territorial-classifications/cities/027042-(1866-11-20)
160;RECINTO;Locale;;;;;;https://w3id.org/italia/controlled-vocabulary/territorial-classifications/cities/077014-(1927-01-12)
160;RECINTO;Locale;;;;;;https://w3id.org/italia/controlled-vocabulary/territorial-classifications/cities/005005-(1935-04-15)
209;RECINTO PRIVATO;Locale;;;;;;https://w3id.org/italia/controlled-vocabulary/territorial-classifications/cities/077014-(1927-01-12)
264;RIPA;Locale;;;;;;https://w3id.org/italia/controlled-vocabulary/territorial-classifications/cities/013248-(2003-01-01)
164;RIVA;Locale;;;;;;https://w3id.org/italia/controlled-vocabulary/territorial-classifications/cities/027012-(1866-11-20)
164;RIVA;Locale;;;;;;https://w3id.org/italia/controlled-vocabulary/territorial-classifications/cities/031007-(1927-01-12)
164;RIVA;Locale;;;;;;https://w3id.org/italia/controlled-vocabulary/territorial-classifications/cities/089017-(1861-03-17)
166;RIVIERA;Locale;;;;;;https://w3id.org/italia/controlled-vocabulary/territorial-classifications/cities/027011-(1866-11-20)
166;RIVIERA;Locale;;;;;;https://w3id.org/italia/controlled-vocabulary/territorial-classifications/cities/028060-(1866-11-20)
166;RIVIERA;Locale;;;;;;https://w3id.org/italia/controlled-vocabulary/territorial-classifications/cities/027012-(1866-11-20)
166;RIVIERA;Locale;;;;;;https://w3id.org/italia/controlled-vocabulary/territorial-classifications/cities/029041-(1866-11-20)
166;RIVIERA;Locale;;;;;;https://w3id.org/italia/controlled-vocabulary/territorial-classifications/cities/026049-(1866-11-20)
166;RIVIERA;Locale;;;;;;https://w3id.org/italia/controlled-vocabulary/territorial-classifications/cities/029004-(1866-11-20)
166;RIVIERA;Locale;;;;;;https://w3id.org/italia/controlled-vocabulary/territorial-classifications/cities/029001-(1866-11-20)
170;RUA;Locale;;;;;;https://w3id.org/italia/controlled-vocabulary/territorial-classifications/cities/066071-(1861-03-17)
170;RUA;Locale;;;;;;https://w3id.org/italia/controlled-vocabulary/territorial-classifications/cities/088009-(1927-01-12)
500;RUGA;Locale;;;;;;https://w3id.org/italia/controlled-vocabulary/territorial-classifications/cities/052015-(1861-03-17)
226;SAIA;Locale;;;;;;https://w3id.org/italia/controlled-vocabulary/territorial-classifications/cities/083005-(1861-03-17)
178;SCALA;Locale;;;;;;https://w3id.org/italia/controlled-vocabulary/territorial-classifications/cities/053002-(1861-03-17)
178;SCALA;Locale;;;;;;https://w3id.org/italia/controlled-vocabulary/territorial-classifications/cities/032006-(1923-02-08)
178;SCALA;Locale;;;;;;https://w3id.org/italia/controlled-vocabulary/territorial-classifications/cities/049017-(1925-12-11)
178;SCALA;Locale;;;;;;https://w3id.org/italia/controlled-vocabulary/territorial-classifications/cities/058091-(1871-01-15)
178;SCALA;Locale;;;;;;https://w3id.org/italia/controlled-vocabulary/territorial-classifications/cities/053016-(1861-03-17)
180;SCALE;Locale;;;;;;https://w3id.org/italia/controlled-vocabulary/territorial-classifications/cities/042002-(1861-03-17)
180;SCALE;Locale;;;;;;https://w3id.org/italia/controlled-vocabulary/territorial-classifications/cities/087021-(1861-03-17)
180;SCALE;Locale;;;;;;https://w3id.org/italia/controlled-vocabulary/territorial-classifications/cities/076063-(1861-03-17)
186;SCALETTE;Locale;;;;;;https://w3id.org/italia/controlled-vocabulary/territorial-classifications/cities/042015-(1861-03-17)
186;SCALETTE;Locale;;;;;;https://w3id.org/italia/controlled-vocabulary/territorial-classifications/cities/057059-(1927-01-12)
186;SCALETTE;Locale;;;;;;https://w3id.org/italia/controlled-vocabulary/territorial-classifications/cities/065050-(1861-03-17)
186;SCALETTE;Locale;;;;;;https://w3id.org/italia/controlled-vocabulary/territorial-classifications/cities/024100-(1866-11-20)
192;SCALONE;Locale;;;;;;https://w3id.org/italia/controlled-vocabulary/territorial-classifications/cities/042002-(1861-03-17)
192;SCALONE;Locale;;;;;;https://w3id.org/italia/controlled-vocabulary/territorial-classifications/cities/065050-(1861-03-17)
194;SDRUCCIOLO;Locale;;;;;;https://w3id.org/italia/controlled-vocabulary/territorial-classifications/cities/048053-(2014-01-01)
194;SDRUCCIOLO;Locale;;;;;;https://w3id.org/italia/controlled-vocabulary/territorial-classifications/cities/052023-(1861-03-17)
194;SDRUCCIOLO;Locale;;;;;;https://w3id.org/italia/controlled-vocabulary/territorial-classifications/cities/048017-(1861-03-17)
194;SDRUCCIOLO;Locale;;;;;;https://w3id.org/italia/controlled-vocabulary/territorial-classifications/cities/066049-(1861-03-17)
526;SELCIATO;Locale;;;;;;https://w3id.org/italia/controlled-vocabulary/territorial-classifications/cities/028060-(1866-11-20)
229;SOPPORTICO;Locale;;;;;;https://w3id.org/italia/controlled-vocabulary/territorial-classifications/cities/077028-(1927-01-12)
376;SOPRAELEVATA;Locale;;;;;;https://w3id.org/italia/controlled-vocabulary/territorial-classifications/cities/015146-(1861-03-17)
249;SOTOPORTEGO;Locale;;;;;;https://w3id.org/italia/controlled-vocabulary/territorial-classifications/cities/027042-(1866-11-20)
530;SOTTOPASSAGGIO;Locale;;;;;;https://w3id.org/italia/controlled-vocabulary/territorial-classifications/cities/028060-(1866-11-20)
530;SOTTOPASSAGGIO;Locale;;;;;;https://w3id.org/italia/controlled-vocabulary/territorial-classifications/cities/001272-(1861-03-17)
204;SOTTOPORTICO;Locale;;;;;;https://w3id.org/italia/controlled-vocabulary/territorial-classifications/cities/078154-(1861-03-17)
204;SOTTOPORTICO;Locale;;;;;;https://w3id.org/italia/controlled-vocabulary/territorial-classifications/cities/042002-(1861-03-17)
204;SOTTOPORTICO;Locale;;;;;;https://w3id.org/italia/controlled-vocabulary/territorial-classifications/cities/022205-(1923-02-14)
204;SOTTOPORTICO;Locale;;;;;;https://w3id.org/italia/controlled-vocabulary/territorial-classifications/cities/020030-(1866-11-20)
204;SOTTOPORTICO;Locale;;;;;;https://w3id.org/italia/controlled-vocabulary/territorial-classifications/cities/026049-(1866-11-20)
206;SOTTOVIA;Locale;;;;;;https://w3id.org/italia/controlled-vocabulary/territorial-classifications/cities/058091-(1871-01-15)
532;SPALTO;Locale;;;;;;https://w3id.org/italia/controlled-vocabulary/territorial-classifications/cities/006003-(1861-03-17)
569;STRADA RURALE;Locale;;;;;;https://w3id.org/italia/controlled-vocabulary/territorial-classifications/cities/097014-(1995-01-01)
903;STRETTA;Locale;;;;;;https://w3id.org/italia/controlled-vocabulary/territorial-classifications/cities/016006-(1861-03-17)
582;STRETTO;Locale;;;;;;https://w3id.org/italia/controlled-vocabulary/territorial-classifications/cities/083005-(1861-03-17)
586;STRETTOLA;Locale;;;;;;https://w3id.org/italia/controlled-vocabulary/territorial-classifications/cities/064008-(1861-03-17)
63;SUBBORGO;Locale;;;;;;https://w3id.org/italia/controlled-vocabulary/territorial-classifications/cities/040007-(1861-03-17)
218;SUPPORTICO;Locale;;;;;;https://w3id.org/italia/controlled-vocabulary/territorial-classifications/cities/062047-(1861-03-17)
218;SUPPORTICO;Locale;;;;;;https://w3id.org/italia/controlled-vocabulary/territorial-classifications/cities/076024-(1861-03-17)
218;SUPPORTICO;Locale;;;;;;https://w3id.org/italia/controlled-vocabulary/territorial-classifications/cities/076088-(1861-03-17)
590;TERRAZZA;Locale;;;;;;https://w3id.org/italia/controlled-vocabulary/territorial-classifications/cities/048017-(1861-03-17)
590;TERRAZZA;Locale;;;;;;https://w3id.org/italia/controlled-vocabulary/territorial-classifications/cities/092009-(1991-12-10)
590;TERRAZZA;Locale;;;;;;https://w3id.org/italia/controlled-vocabulary/territorial-classifications/cities/046033-(1861-03-17)
590;TERRAZZA;Locale;;;;;;https://w3id.org/italia/controlled-vocabulary/territorial-classifications/cities/048038-(1861-03-17)
597;TRATTURO;Locale;;;;;;https://w3id.org/italia/controlled-vocabulary/territorial-classifications/cities/110003-(2009-07-27)
597;TRATTURO;Locale;;;;;;https://w3id.org/italia/controlled-vocabulary/territorial-classifications/cities/071024-(1861-03-17)
597;TRATTURO;Locale;;;;;;https://w3id.org/italia/controlled-vocabulary/territorial-classifications/cities/059023-(1947-07-20)
143;TRAZZERA;Locale;;;;;;https://w3id.org/italia/controlled-vocabulary/territorial-classifications/cities/082049-(1861-03-17)
232;VALLONE;Locale;;;;;;https://w3id.org/italia/controlled-vocabulary/territorial-classifications/cities/083005-(1861-03-17)
235;VENULA;Locale;;;;;;https://w3id.org/italia/controlled-vocabulary/territorial-classifications/cities/081008-(1861-03-17)
624;VIA ESTERNA;Locale;;;;;;https://w3id.org/italia/controlled-vocabulary/territorial-classifications/cities/082049-(1861-03-17)
624;VIA ESTERNA;Locale;;;;;;https://w3id.org/italia/controlled-vocabulary/territorial-classifications/cities/075019-(1861-03-17)
645;VIA STATALE;Locale;;;;;;https://w3id.org/italia/controlled-vocabulary/territorial-classifications/cities/083005-(1861-03-17)
653;VIA VICINALE;Locale;;;;;;https://w3id.org/italia/controlled-vocabulary/territorial-classifications/cities/048005-(1861-03-17)
653;VIA VICINALE;Locale;;;;;;https://w3id.org/italia/controlled-vocabulary/territorial-classifications/cities/050026-(1861-03-17)
653;VIA VICINALE;Locale;;;;;;https://w3id.org/italia/controlled-vocabulary/territorial-classifications/cities/060045-(1927-01-12)
653;VIA VICINALE;Locale;;;;;;https://w3id.org/italia/controlled-vocabulary/territorial-classifications/cities/064042-(1861-03-17)
653;VIA VICINALE;Locale;;;;;;https://w3id.org/italia/controlled-vocabulary/territorial-classifications/cities/057011-(1927-01-12)
653;VIA VICINALE;Locale;;;;;;https://w3id.org/italia/controlled-vocabulary/territorial-classifications/cities/040007-(1861-03-17)
653;VIA VICINALE;Locale;;;;;;https://w3id.org/italia/controlled-vocabulary/territorial-classifications/cities/063007-(1861-03-17)
653;VIA VICINALE;Locale;;;;;;https://w3id.org/italia/controlled-vocabulary/territorial-classifications/cities/049001-(1925-12-11)
653;VIA VICINALE;Locale;;;;;;https://w3id.org/italia/controlled-vocabulary/territorial-classifications/cities/039016-(1861-03-17)
653;VIA VICINALE;Locale;;;;;;https://w3id.org/italia/controlled-vocabulary/territorial-classifications/cities/075026-(1861-03-17)
653;VIA VICINALE;Locale;;;;;;https://w3id.org/italia/controlled-vocabulary/territorial-classifications/cities/052023-(1861-03-17)
653;VIA VICINALE;Locale;;;;;;https://w3id.org/italia/controlled-vocabulary/territorial-classifications/cities/066025-(1861-03-17)
653;VIA VICINALE;Locale;;;;;;https://w3id.org/italia/controlled-vocabulary/territorial-classifications/cities/050031-(1861-03-17)
653;VIA VICINALE;Locale;;;;;;https://w3id.org/italia/controlled-vocabulary/territorial-classifications/cities/103039-(1995-01-01)
238;VIADOTTO;Locale;;;;;;https://w3id.org/italia/controlled-vocabulary/territorial-classifications/cities/040007-(1861-03-17)
238;VIADOTTO;Locale;;;;;;https://w3id.org/italia/controlled-vocabulary/territorial-classifications/cities/004078-(1861-03-17)
238;VIADOTTO;Locale;;;;;;https://w3id.org/italia/controlled-vocabulary/territorial-classifications/cities/031007-(1927-01-12)
238;VIADOTTO;Locale;;;;;;https://w3id.org/italia/controlled-vocabulary/territorial-classifications/cities/048017-(1861-03-17)
238;VIADOTTO;Locale;;;;;;https://w3id.org/italia/controlled-vocabulary/territorial-classifications/cities/043053-(1861-03-17)
238;VIADOTTO;Locale;;;;;;https://w3id.org/italia/controlled-vocabulary/territorial-classifications/cities/050026-(1861-03-17)
978;VIAZZA;Locale;;;;;;https://w3id.org/italia/controlled-vocabulary/territorial-classifications/cities/035028-(1861-03-17)
978;VIAZZA;Locale;;;;;;https://w3id.org/italia/controlled-vocabulary/territorial-classifications/cities/036023-(1861-03-17)
978;VIAZZA;Locale;;;;;;https://w3id.org/italia/controlled-vocabulary/territorial-classifications/cities/039014-(1861-03-17)
979;VIAZZOLA;Locale;;;;;;https://w3id.org/italia/controlled-vocabulary/territorial-classifications/cities/035028-(1861-03-17)
668;VICO STORTO;Locale;;;;;;https://w3id.org/italia/controlled-vocabulary/territorial-classifications/cities/077027-(1927-01-12)
668;VICO STORTO;Locale;;;;;;https://w3id.org/italia/controlled-vocabulary/territorial-classifications/cities/076024-(1861-03-17)
668;VICO STORTO;Locale;;;;;;https://w3id.org/italia/controlled-vocabulary/territorial-classifications/cities/075035-(1861-03-17)
668;VICO STORTO;Locale;;;;;;https://w3id.org/italia/controlled-vocabulary/territorial-classifications/cities/076043-(1861-03-17)
672;VICOLETTO CIECO;Locale;;;;;;https://w3id.org/italia/controlled-vocabulary/territorial-classifications/cities/023091-(1927-02-16)
570;VICOLO ROTTO;Locale;;;;;;https://w3id.org/italia/controlled-vocabulary/territorial-classifications/cities/072022-(1861-03-17)
271;VICOLOZZO;Locale;;;;;;https://w3id.org/italia/controlled-vocabulary/territorial-classifications/cities/058039-(1871-01-15)
304;VIUCOLA;Locale;;;;;;https://w3id.org/italia/controlled-vocabulary/territorial-classifications/cities/051002-(1861-03-17)
254;VIUZZO;Locale;;;;;;https://w3id.org/italia/controlled-vocabulary/territorial-classifications/cities/048017-(1861-03-17)
254;VIUZZO;Locale;;;;;;https://w3id.org/italia/controlled-vocabulary/territorial-classifications/cities/048024-(1861-03-17)
254;VIUZZO;Locale;;;;;;https://w3id.org/italia/controlled-vocabulary/territorial-classifications/cities/052023-(1861-03-17)
258;VOLTA;Locale;;;;;;https://w3id.org/italia/controlled-vocabulary/territorial-classifications/cities/038008-(1861-03-17)
258;VOLTA;Locale;;;;;;https://w3id.org/italia/controlled-vocabulary/territorial-classifications/cities/034027-(1861-03-17)
258;VOLTA;Locale;;;;;;https://w3id.org/italia/controlled-vocabulary/territorial-classifications/cities/048017-(1861-03-17)
702;VOLTONE;Locale;;;;;;https://w3id.org/italia/controlled-vocabulary/territorial-classifications/cities/040012-(1861-03-17)
702;VOLTONE;Locale;;;;;;https://w3id.org/italia/controlled-vocabulary/territorial-classifications/cities/037006-(1861-03-17)
342;CANTO;Locale;;;;;;https://w3id.org/italia/controlled-vocabulary/territorial-classifications/cities/047012-(1991-05-15)
369;COSTARELLA;Locale;;;;;;https://w3id.org/italia/controlled-vocabulary/territorial-classifications/cities/053001-(1948-01-01)
946;LUNGAVISIO;Locale;;;;;;https://w3id.org/italia/controlled-vocabulary/territorial-classifications/cities/022205-(1923-02-14)
282;LUNGOROGGIA;Locale;;;;;;https://w3id.org/italia/controlled-vocabulary/territorial-classifications/cities/030129-(2018-04-22)
842;LUNGOTANARO;Locale;;;;;;https://w3id.org/italia/controlled-vocabulary/territorial-classifications/cities/006003-(1861-03-17)
144;PORTICO;Locale;;;;;;https://w3id.org/italia/controlled-vocabulary/territorial-classifications/cities/078033-(1948-01-01)
144;PORTICO;Locale;;;;;;https://w3id.org/italia/controlled-vocabulary/territorial-classifications/cities/022205-(1923-02-14)
144;PORTICO;Locale;;;;;;https://w3id.org/italia/controlled-vocabulary/territorial-classifications/cities/020030-(1866-11-20)
188;SCALI;Locale;;;;;;https:​/​/​w3id.​org/​italia/​controlled-​vocabulary/​territorial-​classifications/​cities/049009-(1948-01-01)
568;STRADA ROTABILE;Locale;;;;;;https://w3id.org/italia/controlled-vocabulary/territorial-classifications/cities/066049-(1861-03-17)
711;VIAL;Locale;;;;;;https://w3id.org/italia/controlled-vocabulary/territorial-classifications/cities/093033-(2017-09-30)
6;ARCO;Nazionale;;;;;;
316;AUTOSTRADA;Nazionale;;;;;;
754;BELVEDERE;Nazionale;;;;;;
26;CALATA;Nazionale;DISCESA;SCESA;;;;
28;CALLE;Nazionale;;;;;;
46;CAVALCAVIA;Nazionale;SOVRAPPASSO;;;;;
50;CIRCONVALLAZIONE;Nazionale;RACCORDO;TANGENZIALE;;;;
58;CORSO;Nazionale;;;;;;
60;CORTE;Nazionale;CORTILE;;;;;
64;CORTILE;Nazionale;CORTE;;;;;
70;DISCESA;Nazionale;CALATA;SCESA;;;;
78;GALLERIA;Nazionale;;;;;;
387;GRADINATA;Nazionale;SCALINATA;;;;;
394;LARGHETTO;Nazionale;LARGO;SLARGO;;;;
86;LARGO;Nazionale;LARGHETTO;SLARGO;SPIAZZO;;;
37;LITORANEA;Nazionale;;;;;;
96;LUNGARGINE;Nazionale;LUNGOFIUME;LUNGOTORRENTE;;;;
31;LUNGOFIUME;Nazionale;LUNGARGINE;;;;;
423;LUNGOLAGO;Nazionale;LUNGARGINE;;;;;
102;LUNGOMARE;Nazionale;;;;;;
431;LUNGOPARCO;Nazionale;;;;;;
444;LUNGOTORRENTE;Nazionale;LUNGARGINE;;;;;
116;MOLO;Nazionale;;;;;;
103;PARCHEGGIO;Nazionale;;;;;;
124;PASSAGGIO;Nazionale;PASSAGGIO PEDONALE;;;;;
126;PASSEGGIATA;Nazionale;;;;;;
139;PERCORSO CICLABILE;Nazionale;PERCORSO CICLOPEDONALE;PISTA CICLABILE;;;;
153;PERCORSO CICLOPEDONALE;Nazionale;PERCORSO CICLABILE;PISTA CICLABILE;PERCORSO PEDONALE;;;
41;PERCORSO PEDONALE;Nazionale;PERCORSO CICLOPEDONALE;;;;;
130;PIAZZA;Nazionale;PIAZZALE;PIAZZETTA;SPIAZZO;;;
132;PIAZZALE;Nazionale;PIAZZA;SPIAZZO;;;;
134;PIAZZETTA;Nazionale;PIAZZA;SPIAZZO;;;;
11;PISTA CICLABILE;Nazionale;PERCORSO CICLOPEDONALE;PERCORSO CICLABILE;;;;
138;PONTE;Nazionale;;;;;;
266;RACCORDO;Nazionale;CIRCONVALLAZIONE;TANGENZIALE;;;;
156;RAMPA;Nazionale;;;;;;
496;RONCO;Nazionale;;;;;;
85;ROTATORIA;Nazionale;ROTONDA;;;;;
168;ROTONDA;Nazionale;ROTATORIA;;;;;
172;SALITA;Nazionale;;;;;;
190;SCALINATA;Nazionale;GRADINATA;;;;;
524;SCESA;Nazionale;CALATA;DISCESA;;;;
196;SENTIERO;Nazionale;VIOTTOLO;;;;;
281;SLARGO;Nazionale;LARGHETTO;LARGO;SPIAZZO;;;
531;SOTTOPASSO;Nazionale;;;;;;
293;SOVRAPPASSO;Nazionale;CAVALCAVIA;;;;;
534;SPIAZZO;Nazionale;LARGO;SLARGO;PIAZZA;PIAZZALE;PIAZZETTA;
210;STRADA;Nazionale;STRADA COMUNALE;STRADA CONSORTILE;STRADA PANORAMICA;STRADA PODERALE;STRADA VICINALE;
539;STRADA ANTICA;Nazionale;STRADA VECCHIA;;;;;
546;STRADA COMUNALE;Nazionale;STRADA;;;;;
890;STRADA CONSORTILE;Nazionale;STRADA;STRADA PODERALE;STRADA VICINALE;;;
561;STRADA NUOVA;Nazionale;;;;;;
562;STRADA PANORAMICA;Nazionale;STRADA;;;;;
894;STRADA PODERALE;Nazionale;STRADA;STRADA CONSORTILE;STRADA VICINALE;;;
565;STRADA PRIVATA;Nazionale;VIA PRIVATA;;;;;
566;STRADA PROVINCIALE;Nazionale;;;;;;
897;STRADA REGIONALE;Nazionale;;;;;;
571;STRADA STATALE;Nazionale;;;;;;
578;STRADA VECCHIA;Nazionale;STRADA ANTICA;;;;;
579;STRADA VICINALE;Nazionale;STRADA;STRADA CONSORTILE;STRADA PODERALE;;;
214;STRADELLA;Nazionale;STRADELLO;;;;;
721;STRADELLO;Nazionale;STRADELLA;;;;;
216;STRADONE;Nazionale;;;;;;
589;TANGENZIALE;Nazionale;CIRCONVALLAZIONE;RACCORDO;;;;
224;TRAVERSA;Nazionale;;;;;;
603;TRAVERSA PRIVATA;Nazionale;;;;;;
236;VIA;Nazionale;VIA COMUNALE;VIA PANORAMICA;VIA VICINALE;VIA NAZIONALE;VIA PROVINCIALE;
610;VIA ANTICA;Nazionale;VIA VECCHIA;;;;;
619;VIA COMUNALE;Nazionale;VIA;VIA VICINALE;VIA NAZIONALE;VIA PROVINCIALE;;
940;VIA NAZIONALE;Nazionale;VIA;VIA COMUNALE;VIA PROVINCIALE;;;
635;VIA NUOVA;Nazionale;;;;;;
636;VIA PANORAMICA;Nazionale;VIA;;;;;
639;VIA PRIVATA;Nazionale;STRADA PRIVATA;;;;;
640;VIA PROVINCIALE;Nazionale;VIA;VIA COMUNALE;VIA NAZIONALE;;;
652;VIA VECCHIA;Nazionale;VIA ANTICA;;;;;
240;VIALE;Nazionale;;;;;;
242;VIALETTO;Nazionale;;;;;;
244;VICO;Nazionale;VICOLO;;;;;
661;VICO CHIUSO;Nazionale;VICOLO CHIUSO;VICO CIECO;VICOLO CIECO;;;
662;VICO CIECO;Nazionale;VICO CHIUSO;VICOLO CHIUSO;VICOLO CIECO;;;
667;VICO PRIVATO;Nazionale;VICOLO PRIVATO;;;;;
246;VICOLETTO;Nazionale;;;;;;
248;VICOLO;Nazionale;VICO;;;;;
684;VICOLO CHIUSO;Nazionale;VICO CHIUSO;VICO CIECO;VICOLO CIECO;;;
685;VICOLO CIECO;Nazionale;VICO CHIUSO;VICOLO CHIUSO;VICO CIECO;;;
690;VICOLO PRIVATO;Nazionale;VICO PRIVATO;;;;;
252;VIOTTOLO;Nazionale;SENTIERO;;;;;
;;;;;;;;
;;;;;;;;
;;;;;;;;
;;;;;;;;
;;;;;;;;
;;;;;;;;
;;;;;;;;
;;;;;;;;
;;;;;;;;
