"CODICE","VALORE","DESCRIZIONE"
"23A1","BENI DISPONIBILI","Beni appartenenti al patrimonio dello Stato suscettibili di alienazione o utilizzazione economica secondo le disposizioni del Codice civile e della normativa patrimoniale."
"23A4","MINIERE E RELATIVE PERTINENZE","Beni patrimoniali costituiti da giacimenti minerari e dalle relative pertinenze fisiche e infrastrutturali, disciplinati dalla normativa mineraria."
"23A5","BENI ASSEGNATI IN USO GOVERNATIVO","Beni appartenenti allo Stato e assegnati in uso gratuito o oneroso a pubbliche amministrazioni per finalità istituzionali"
"23A6","BENI NON DISPONIBILI","Beni del patrimonio dello Stato non alienabili, in quanto destinati a un pubblico servizio o a un uso di pubblica utilità, pur non appartenendo al demanio necessario."
"23B2","BENI SU CUI GRAVANO DIR. REALI A FAVORE TERZI","Beni patrimoniali dello Stato gravati da diritti reali (usufrutto, servitù, enfiteusi, ecc.) costituiti a favore di soggetti diversi dallo Stato."
"23C3","DIRITTI REALI SU BENI PATRIMONIALI","Diritti reali attivi spettanti allo Stato su beni di proprietà altrui, aventi natura patrimoniale (es. servitù, enfiteusi attiva, usufrutto)."
"23C3C","DIR. REALI SU BENI DI PROPRIETA` DI COMUNI","Diritti reali spettanti allo Stato su beni appartenenti a enti comunali."
"23C3P","DIR. REALI SU BENI DI PROPRIETA` DI PROVINCIE","Diritti reali spettanti allo Stato su beni appartenenti a enti provinciali."
"23C3R","DIR. REALI SU BENI DI PROPRIETA` DI REGIONI","Diritti reali spettanti allo Stato su beni appartenenti a enti regionali."
