id;prefLabel;comment;notation
705010200010001000;BIOCHIMICA CLINICA (VECCHIO ORDINAMENTO);;705.01.02.0001.0001.000
705010200010004000;SCIENZA DELL'ALIMENTAZIONE (VECCHIO ORDINAMENTO);;705.01.02.0001.0004.000
705010200010005000;STATISTICA SANITARIA (VECCHIO ORDINAMENTO);;705.01.02.0001.0005.000
705010300020001000;ALLERGOLOGIA ED IMMUNOLOGIA CLINICA (VECCHIO ORDINAMENTO);;705.01.03.0002.0001.000
705010300020002000;ANATOMIA PATOLOGICA (VECCHIO ORDINAMENTO);;705.01.03.0002.0002.000
705010300020003000;ANESTESIA E RIANIMAZIONE (VECCHIO ORDINAMENTO);;705.01.03.0002.0003.000
705010300020004000;AUDIOLOGIA E FONIATRIA (VECCHIO ORDINAMENTO);;705.01.03.0002.0004.000
705010300020005000;CARDIOANGIOCHIRURGIA (VECCHIO ORDINAMENTO);;705.01.03.0002.0005.000
705010300020006000;CARDIOCHIRUGIA (VECCHIO ORDINAMENTO);;705.01.03.0002.0006.000
705010300020007000;CARDIOCHIRURGIA (VECCHIO ORDINAMENTO);;705.01.03.0002.0007.000
705010300020008000;CARDIOLOGIA (VECCHIO ORDINAMENTO);;705.01.03.0002.0008.000
705010300020009000;CHIRURGIA DELL'APPARATO DIGERENTE ED ENDOSCOPIA DIGESTIVA CHIRURGICA (VECCHIO ORDINAMENTO);;705.01.03.0002.0009.000
705010300020010000;CHIRURGIA DELLA MANO (VECCHIO ORDINAMENTO);;705.01.03.0002.0010.000
705010300020011000;CHIRURGIA GENERALE (VECCHIO ORDINAMENTO);;705.01.03.0002.0011.000
705010300020012000;CHIRURGIA MAXILLO-FACCIALE (VECCHIO ORDINAMENTO);;705.01.03.0002.0012.000
705010300020013000;CHIRURGIA ODONTOSTOMATOLOGICA (VECCHIO ORDINAMENTO);;705.01.03.0002.0013.000
705010300020014000;CHIRURGIA PEDIATRICA (VECCHIO ORDINAMENTO);;705.01.03.0002.0014.000
705010300020015000;CHIRURGIA PLASTICA E RICOSTRUTTIVA (VECCHIO ORDINAMENTO);;705.01.03.0002.0015.000
705010300020016000;CHIRURGIA TORACICA (VECCHIO ORDINAMENTO);;705.01.03.0002.0016.000
705010300020017000;CHIRURGIA VASCOLARE (VECCHIO ORDINAMENTO);;705.01.03.0002.0017.000
705010300020018000;DERMATOLOGIA E VENEREOLOGIA (VECCHIO ORDINAMENTO);;705.01.03.0002.0018.000
705010300020019000;EMATOLOGIA (VECCHIO ORDINAMENTO);;705.01.03.0002.0019.000
705010300020020000;ENDOCRINOLOGIA E MALATTIE DEL METABOLISMO (VECCHIO ORDINAMENTO);;705.01.03.0002.0020.000
705010300020021000;ENDOCRINOLOGIA E MALATTIE DEL RICAMBIO (VECCHIO ORDINAMENTO);;705.01.03.0002.0021.000
705010300020022000;FARMACOLOGIA (VECCHIO ORDINAMENTO);;705.01.03.0002.0022.000
705010300020023000;FISICA SANITARIA (VECCHIO ORDINAMENTO);;705.01.03.0002.0023.000
705010300020024000;FISIOPATOLOGIA E TERAPIA DEL DOLORE (VECCHIO ORDINAMENTO);;705.01.03.0002.0024.000
705010300020025000;GASTROENTEROLOGIA (VECCHIO ORDINAMENTO);;705.01.03.0002.0025.000
705010300020026000;GENETICA MEDICA (VECCHIO ORDINAMENTO);;705.01.03.0002.0026.000
705010300020027000;GERIATRIA (VECCHIO ORDINAMENTO);;705.01.03.0002.0027.000
705010300020028000;GINECOLOGIA E OSTETRICIA (VECCHIO ORDINAMENTO);;705.01.03.0002.0028.000
705010300020029000;IDROLOGIA MEDICA (VECCHIO ORDINAMENTO);;705.01.03.0002.0029.000
705010300020030000;IGIENE E MEDICINA PREVENTIVA (VECCHIO ORDINAMENTO);;705.01.03.0002.0030.000
705010300020031000;MALATTIE DELL'APPARATO RESPIRATORIO (VECCHIO ORDINAMENTO);;705.01.03.0002.0031.000
705010300020032000;MALATTIE DELL'APPARATO CARDIOVASCOLARE (VECCHIO ORDINAMENTO);;705.01.03.0002.0032.000
705010300020033000;MALATTIE INFETTIVE (VECCHIO ORDINAMENTO);;705.01.03.0002.0033.000
705010300020034000;MEDICINA DEL LAVORO (VECCHIO ORDINAMENTO);;705.01.03.0002.0034.000
705010300020035000;MEDICINA DELLO SPORT (VECCHIO ORDINAMENTO);;705.01.03.0002.0035.000
705010300020036000;MEDICINA DI COMUNITÀ (VECCHIO ORDINAMENTO);;705.01.03.0002.0036.000
705010300020037000;MEDICINA FISICA E RIABILITAZIONE (VECCHIO ORDINAMENTO);;705.01.03.0002.0037.000
705010300020038000;MEDICINA INTERNA (VECCHIO ORDINAMENTO);;705.01.03.0002.0038.000
705010300020039000;MEDICINA LEGALE (VECCHIO ORDINAMENTO);;705.01.03.0002.0039.000
705010300020040000;MEDICINA NUCLEARE (VECCHIO ORDINAMENTO);;705.01.03.0002.0040.000
705010300020041000;MEDICINA TROPICALE (VECCHIO ORDINAMENTO);;705.01.03.0002.0041.000
705010300020042000;MICROBIOLOGIA E VIROLOGIA (VECCHIO ORDINAMENTO);;705.01.03.0002.0042.000
705010300020043000;NEFROLOGIA (VECCHIO ORDINAMENTO);;705.01.03.0002.0043.000
705010300020044000;NEUROCHIRURGIA (VECCHIO ORDINAMENTO);;705.01.03.0002.0044.000
705010300020045000;NEUROFISIOPATOLOGIA (VECCHIO ORDINAMENTO);;705.01.03.0002.0045.000
705010300020046000;NEUROLOGIA (VECCHIO ORDINAMENTO);;705.01.03.0002.0046.000
705010300020047000;ORTOGNATODONZIA (VECCHIO ORDINAMENTO);;705.01.03.0002.0047.000
705010300020048000;ORTOPEDIA (VECCHIO ORDINAMENTO);;705.01.03.0002.0048.000
705010300020049000;PATOLOGIA CLINICA (VECCHIO ORDINAMENTO);;705.01.03.0002.0049.000
705010300020050000;PEDIATRIA (VECCHIO ORDINAMENTO);;705.01.03.0002.0050.000
705010300020051000;RADIODIAGNOSTICA (VECCHIO ORDINAMENTO);;705.01.03.0002.0051.000
705010300020052000;RADIOTERAPIA (VECCHIO ORDINAMENTO);;705.01.03.0002.0052.000
705010300020053000;REUMATOLOGIA (VECCHIO ORDINAMENTO);;705.01.03.0002.0053.000
705010300020054000;TOSSICOLOGIA MEDICA (VECCHIO ORDINAMENTO);;705.01.03.0002.0054.000
705010300020055000;UROLOGIA (VECCHIO ORDINAMENTO);;705.01.03.0002.0055.000
705010200010002000;FARMACOGNOSIA (VECCHIO ORDINAMENTO);;705.01.02.0001.0002.000
705010200010003000;GENETICA APPLICATA (VECCHIO ORDINAMENTO);;705.01.02.0001.0003.000
705020200020002000;PSICOLOGIA CLINICA (NUOVO ORDINAMENTO);Area Medica - Classe Neuroscienze e scienze cliniche del comportamento;705.02.02.0002.0002.000
705020300010003000;FARMACOLOGIA E TOSSICOLOGIA CLINICA (NUOVO ORDINAMENTO);Area Servizi clinici - Classe Servizi clinici specialistici biomedici;705.02.03.0001.0003.000
705020300010004000;FARMACOLOGIA E TOSSICOLOGIA CLINICA (ACCESSO NON MEDICO) (NUOVO ORDINAMENTO);;705.02.03.0001.0004.000
705020300010005000;GENETICA MEDICA (NUOVO ORDINAMENTO);Area Servizi clinici - Classe Servizi clinici specialistici biomedici;705.02.03.0001.0005.000
705020300010006000;GENETICA MEDICA (ACCESSO NON MEDICO) (NUOVO ORDINAMENTO);;705.02.03.0001.0006.000
705020300010007000;MICROBIOLOGIA E VIROLOGIA (NUOVO ORDINAMENTO);Area Servizi clinici - Classe Medicina diagnostica e di laboratorio;705.02.03.0001.0007.000
705020300010008000;MICROBIOLOGIA E VIROLOGIA (ACCESSO NON MEDICO) (NUOVO ORDINAMENTO);;705.02.03.0001.0008.000
705020300010009000;SCIENZA DELL'ALIMENTAZIONE (NUOVO ORDINAMENTO);Area Medica - Classe Medicina clinica generale e specialistica;705.02.03.0001.0009.000
705020300010010000;SCIENZA DELL'ALIMENTAZIONE (ACCESSO NON MEDICO) (NUOVO ORDINAMENTO);;705.02.03.0001.0010.000
705020300010011000;STATISTICA SANITARIA E BIOMETRIA (NUOVO ORDINAMENTO);Area Servizi clinici - Classe Sanità pubblica;705.02.03.0001.0011.000
705020300010012000;STATISTICA SANITARIA E BIOMETRIA (ACCESSO NON MEDICO) (NUOVO ORDINAMENTO);;705.02.03.0001.0012.000
705020300010013000;TOSSICOLOGIA MEDICA (NUOVO ORDINAMENTO);Area Servizi clinici - Classe Servizi clinici specialistici;705.02.03.0001.0013.000
705020300010002000;BIOCHIMICA CLINICA (NUOVO ORDINAMENTO);Area Servizi clinici - Classe Medicina diagnostica e di laboratorio;705.02.03.0001.0002.000
705020400020001000;ALLERGOLOGIA ED IMMUNOLOGIA CLINICA (NUOVO ORDINAMENTO);Area Medica - Classe Medicina clinica generale e specialistica;705.02.04.0002.0001.000
705020400020002000;ANATOMIA PATOLOGICA (NUOVO ORDINAMENTO);Area Servizi clinici - Classe Medicina diagnostica e di laboratorio;705.02.04.0002.0002.000
705020400020003000;ANESTESIA RIANIMAZIONE, TERAPIA INTENSIVA E DEL DOLORE (NUOVO ORDINAMENTO);Area Servizi clinici - Classe Servizi clinici specialistici;705.02.04.0002.0003.000
705020400020004000;AUDIOLOGIA E FONIATRIA (NUOVO ORDINAMENTO);Area Servizi clinici - Classe Servizi clinici specialistici;705.02.04.0002.0004.000
705020400020005000;CARDIOCHIRURGIA (NUOVO ORDINAMENTO);Area Chirurgica - Classe Chirurgie cardio-toraco-vascolari;705.02.04.0002.0005.000
705020400020006000;CHIRURGIA DELL'APPARATO DIGERENTE (NUOVO ORDINAMENTO);Area Chirurgica - Classe Chirurgie generali;705.02.04.0002.0006.000
705020400020007000;CHIRURGIA GENERALE (NUOVO ORDINAMENTO);Area Chirurgica - Classe Chirurgie generali e specialistiche;705.02.04.0002.0007.000
705020400020008000;CHIRURGIA MAXILLO-FACCIALE (NUOVO ORDINAMENTO);Area Chirurgica - Classe Chirurgie del ditretto testa e collo;705.02.04.0002.0008.000
705020400020009000;CHIRURGIA ORALE (NUOVO ORDINAMENTO);Area Servizi clinici - Classe Specializzazioni in odontoaitria;705.02.04.0002.0009.000
705020400020010000;CHIRURGIA PEDIATRICA (NUOVO ORDINAMENTO);Area Chirurgica - Classe Chirurgie generali e specialistiche;705.02.04.0002.0010.000
705020400020011000;CHIRURGIA PLASTICA, RICOSTRUTTIVA ED ESTETICA (NUOVO ORDINAMENTO);Area Chirurgica - Classe Chirurgie generali e specialistiche;705.02.04.0002.0011.000
705020400020012000;CHIRURGIA TORACICA (NUOVO ORDINAMENTO);Area Chirurgica - Classe Chirurgie cardio-toraco-vascolari;705.02.04.0002.0012.000
705020400020013000;CHIRURGIA VASCOLARE (NUOVO ORDINAMENTO);Area Chirurgica - Classe Chirurgie cardio-toraco-vascolari;705.02.04.0002.0013.000
705020400020014000;DERMATOLOGIA E VENEREOLOGIA (NUOVO ORDINAMENTO);Area Medica - Classe Medicina clinica generale e specialistica;705.02.04.0002.0014.000
705020400020015000;EMATOLOGIA (NUOVO ORDINAMENTO);Area Medica - Classe Medicina clinica generale e specialistica;705.02.04.0002.0015.000
705020400020016000;ENDOCRINOLOGIA E MALATTIE DEL METABOLISMO (NUOVO ORDINAMENTO);Area Medica - Classe Medicina clinica generale e specialistica;705.02.04.0002.0016.000
705020400020017000;FARMACIA OSPEDALIERA (NUOVO ORDINAMENTO);Area Servizi clinici - Classe Sanità farmaceutica;705.02.04.0002.0017.000
705020400020018000;FISICA MEDICA (NUOVO ORDINAMENTO);Area Servizi clinici - Classe Fisica sanitaria;705.02.04.0002.0018.000
705020400020019000;GERIATRIA (NUOVO ORDINAMENTO);Area Medica - Classe Medicina clinica generale e specialistica;705.02.04.0002.0019.000
705020400020020000;GINECOLOGIA ED OSTETRICIA (NUOVO ORDINAMENTO);Area Chirurgica - Classe Chirurgie generali e specialistiche;705.02.04.0002.0020.000
705020400020021000;IGIENE E MEDICINA PREVENTIVA (NUOVO ORDINAMENTO);Area Servizi clinici - Classe Sanità pubblica;705.02.04.0002.0021.000
705020400020022000;MALATTIE DELL'APPARATO CARDIOVASCOLARE (NUOVO ORDINAMENTO);Area Medica - Classe Medicina clinica generale e specialistica;705.02.04.0002.0022.000
705020400020023000;MALATTIE DELL'APPARATO DIGERENTE (NUOVO ORDINAMENTO);Area Medica - Classe Medicina clinica generale e specialistica;705.02.04.0002.0023.000
705020400020024000;MALATTIE DELL'APPARATO RESPIRATORIO (NUOVO ORDINAMENTO);Area Medica - Classe Medicina clinica generale e specialistica;705.02.04.0002.0024.000
705020400020025000;MALATTIE INFETTIVE E TROPICALI (NUOVO ORDINAMENTO);Area Medica - Classe Medicina clinica generale e specialistica;705.02.04.0002.0025.000
705020400020026000;MEDICINA AERONAUTICA E SPAZIALE (NUOVO ORDINAMENTO);Area Servizi clinici - Classe Sanità pubblica;705.02.04.0002.0026.000
705020400020027000;MEDICINA D'EMERGENZA-URGENZA (NUOVO ORDINAMENTO);Area Medica - Classe Medicina clinica generale e specialistica;705.02.04.0002.0027.000
705020400020028000;MEDICINA DEL LAVORO (NUOVO ORDINAMENTO);Area Servizi clinici - Classe Sanità pubblica;705.02.04.0002.0028.000
705020400020029000;MEDICINA DELLO SPORT E DELL'ESERCIZIO FISICO (NUOVO ORDINAMENTO);Area Medica - Classe Medicina clinica generale e specialistica;705.02.04.0002.0029.000
705020400020030000;MEDICINA DI COMUNITÀ E DELLE CURE PRIMARIE (NUOVO ORDINAMENTO);Area Medica - Classe Medicina clinica generale e specialistica;705.02.04.0002.0030.000
705020400020031000;MEDICINA E CURE PALLIATIVE (NUOVO ORDINAMENTO);Area Medica - Classe Medicina clinica generale e specialistica;705.02.04.0002.0031.000
705020400020032000;MEDICINA FISICA E RIABILITATIVA (NUOVO ORDINAMENTO);Area Servizi clinici - Classe Servizi clinici specialistici;705.02.04.0002.0032.000
705020400020033000;MEDICINA INTERNA (NUOVO ORDINAMENTO);Area Medica - Classe Medicina clinica generale e specialistica;705.02.04.0002.0033.000
705020400020034000;MEDICINA LEGALE (NUOVO ORDINAMENTO);Area Servizi clinici - Classe Sanità pubblica;705.02.04.0002.0034.000
705020400020035000;MEDICINA NUCLEARE (NUOVO ORDINAMENTO);Area Servizi clinici - Classe Diagnostica per immagini e radioterapia;705.02.04.0002.0035.000
705020400020036000;MEDICINA TERMALE (NUOVO ORDINAMENTO);Area Medica - Classe Medicina clinica generale e specialistica;705.02.04.0002.0036.000
705020400020037000;MEDICINA TROPICALE (NUOVO ORDINAMENTO);Area Medica - Classe Medicina specialistica;705.02.04.0002.0037.000
705020400020038000;NEFROLOGIA (NUOVO ORDINAMENTO);Area Medica - Classe Medicina clinica generale e specialistica;705.02.04.0002.0038.000
705020400020039000;NEUROCHIRURGIA (NUOVO ORDINAMENTO);Area Chirurgica - Classe Chirurgie del ditretto testa e collo;705.02.04.0002.0039.000
705020400020040000;NEUROFISIOPATOLOGIA (NUOVO ORDINAMENTO);Area Medica - Classe Neuroscienze e scienze cliniche del comportamento;705.02.04.0002.0040.000
705020400020041000;NEUROLOGIA (NUOVO ORDINAMENTO);Area Medica - Classe Neuroscienze e scienze cliniche del comportamento;705.02.04.0002.0041.000
705020400020042000;NEUROPSICHIATRIA INFANTILE (NUOVO ORDINAMENTO);Area Medica - Classe Neuroscienze e scienze cliniche del comportamento;705.02.04.0002.0042.000
705020400020043000;ODONTOIATRIA CLINICA GENERALE (NUOVO ORDINAMENTO);Area Servizi clinici - Classe Specializzazioni in odontoaitria;705.02.04.0002.0043.000
705020400020044000;ODONTOIATRIA PEDIATRICA (NUOVO ORDINAMENTO);Area Servizi clinici - Classe Specializzazioni in odontoaitria;705.02.04.0002.0044.000
705020400020045000;OFTALMOLOGIA (NUOVO ORDINAMENTO);Area Chirurgica - Classe Chirurgie del ditretto testa e collo;705.02.04.0002.0045.000
705020400020046000;ONCOLOGIA MEDICA (NUOVO ORDINAMENTO);Area Medica - Classe Medicina clinica generale e specialistica;705.02.04.0002.0046.000
705020400020047000;ORTOGNATODONZIA (NUOVO ORDINAMENTO);Area Servizi clinici - Classe Specializzazioni in odontoaitria;705.02.04.0002.0047.000
705020400020048000;ORTOPEDIA E TRAUMATOLOGIA (NUOVO ORDINAMENTO);Area Chirurgica - Classe Chirurgie generali e specialistiche;705.02.04.0002.0048.000
705020400020049000;OTORINOLARINGOIATRIA (NUOVO ORDINAMENTO);Area Chirurgica - Classe Chirurgie del ditretto testa e collo;705.02.04.0002.0049.000
705020400020050000;PATOLOGIA CLINICA E BIOCHIMICA CLINICA (NUOVO ORDINAMENTO);Area Servizi clinici - Classe Medicina diagnostica e di laboratorio;705.02.04.0002.0050.000
705020400020051000;PATOLOGIA CLINICA E BIOCHIMICA CLINICA (ACCESSO NON MEDICO) (NUOVO ORDINAMENTO);;705.02.04.0002.0051.000
705020400020052000;PEDIATRIA (NUOVO ORDINAMENTO);Area Medica - Classe Medicina clinica e dell'età evolutiva;705.02.04.0002.0052.000
705020400020053000;PSICHIATRIA (NUOVO ORDINAMENTO);Area Medica - Classe Neuroscienze e scienze cliniche del comportamento;705.02.04.0002.0053.000
705020400020054000;RADIODIAGNOSTICA (NUOVO ORDINAMENTO);Area Servizi clinici - Classe Diagnostica per immagini e radioterapia;705.02.04.0002.0054.000
705020400020055000;RADIOTERAPIA (NUOVO ORDINAMENTO);Area Servizi clinici - Classe Diagnostica per immagini e radioterapia;705.02.04.0002.0055.000
705020400020056000;REUMATOLOGIA (NUOVO ORDINAMENTO);Area Medica - Classe Medicina clinica generale e specialistica;705.02.04.0002.0056.000
705020400020057000;UROLOGIA (NUOVO ORDINAMENTO);Area Chirurgica - Classe Chirurgie generali e specialistiche;705.02.04.0002.0057.000
